eta,beta,expiration,mu,sigma,theta,inspection_deviation,inspection_threshold,replacement,inspection,component,failure,n_systems,n_events,time_origin,id_0_component,id_0_system,output_data_filepath,Average of failure per month,Average of failure per trimestre,Average of failure per year,Stability per month,Stability per trimestre,Stability per year,Average of replacement per month,Average of replacement per trimestre,Average of replacement per year,Preventive Effectiveness Ratio (PER),Précision du détecteur,Taux de détection (Rappel),Average cost of one system,Standard Deviation,run_id
720.0,3.0,792.0,168.0,25.2,12.0,0.05,0.5,1000,100,100,1200,10,10000,0,0,0,outputs/simulation_data_20260202_164211.csv,7.994047619047619,23.982142857142858,95.92857142857144,1.6630985472523343,2.222669507655094,2.701241066010825,12.476190476190476,37.42857142857143,149.71428571428572,1.560685033507074,0,0.0,456060.0,18253.53542620047,20260202_164211
720.0,2.9,792.0,168.0,25.2,12.0,0.05,0.5,1000,100,100,1200,5,5000,0,0,0,outputs/simulation_data_20260202_164259.csv,3.680473372781065,10.912280701754383,41.46666666666667,1.0881125225898818,2.1442351458975426,17.366634676873925,6.105882352941176,18.210526315789476,69.2,1.658993758275014,0,0.0,442960.0,14737.808520943676,20260202_164259
